bairro,condominio
Botafogo,914.4755700325733
Copacabana,991.8612716763006
Grajaú,619.9409282700421
Gávea,985.2341463414634
Ipanema,1357.1209964412812
Leblon,1260.0107142857144
Tijuca,681.1759530791788
